,Bilophila_wadsworthia|t__SGB15452,Clostridia_unclassified_SGB4121,Clostridiales_bacterium|t__SGB15158,Clostridium_fessum|t__SGB4705,Dorea_formicigenerans|t__SGB4575,Dorea_longicatena,Faecalibacterium_prausnitzii,Faecalibacterium_prausnitzii|t__SGB15316_group,Faecalibacterium_prausnitzii|t__SGB15318_group,Faecalibacterium_prausnitzii|t__SGB15342,Lachnospiraceae_bacterium,Lachnospiraceae_bacterium_WCA3_601_WT_6H,Leuconostoc_pseudomesenteroides,Parabacteroides_distasonis|t__SGB1934,Phocaeicola_coprocola,unclassified
0,0.0,0.0,0.0,0.0,0.0,0.0,0.0,0.0,0.0,0.0,0.0,0.0,0.0,0.0,0.0,17.727899999999998
1,0.0,0.0,0.01088,0.15422,0.03338,0.08152,3.10312,1.02045,0.14806,0.66194,1.35333,0.0,0.0,2.15313,0.0,0.0
2,0.33708,0.12135,0.0,0.08771,0.7314,1.49691,4.60374,0.37579,1.03128,0.36125,0.72334,0.17682,0.0,0.289,0.0,0.0
3,0.0,0.0127,0.0,0.28509,0.00943,0.34456,10.15202,3.6661,0.0,0.0,1.05578,0.01186,0.0,0.67408,0.0,0.0
4,0.0,0.0,0.0,0.0,0.0,0.0,0.0,0.0,0.0,0.0,0.0,0.0,0.0,0.0,0.0,24.56488
5,0.0,0.0,0.0,0.0,0.0,0.0,0.0,0.0,0.0,0.0,0.0,0.0,0.0,0.0,0.0,1.38627
6,0.16455,0.04672,0.0575,0.31274,0.04763,0.03437,2.41306,1.16519,0.154,0.67017,1.37637,6.41724,0.0,0.35227,1.82956,0.0
7,0.82167,0.0009,0.0,0.56069,0.07283,0.14318,16.67877,2.32764,4.72269,0.53843,0.27359,0.27551,0.0,1.2826,0.0,0.0
8,0.0,0.0,0.0,0.0,0.0,0.0,0.0,0.0,0.0,0.0,0.0,0.0,0.0,0.0,0.0,37.14481
9,0.0,0.0,0.0,0.0,0.0,0.0,0.0,0.0,0.0,0.0,0.0,0.0,0.0,0.0,0.0,50.42147
10,0.0,0.0,0.0,0.0,0.0,0.0,0.0,0.0,0.0,0.0,0.0,0.0,0.0,0.0,0.0,30.07937
11,0.0,0.0,0.0,0.0,0.0,0.0,0.0,0.0,0.0,0.0,0.0,0.0,0.0,0.0,0.0,26.84754
12,0.0,0.0,0.0,0.0,0.0,0.0,0.0,0.0,0.0,0.0,0.0,0.0,0.0,0.0,0.0,4.68401
13,0.0,0.0,0.0,0.0,0.0,0.0,0.0,0.0,0.0,0.0,0.0,0.0,0.0,0.0,0.0,0.03376
14,0.0,0.10028,0.0,0.0,0.20034,2.29195,3.35273,0.15548,3.19725,0.0,1.25998,0.0,0.0,0.0,0.0,0.0
15,0.0,0.0,0.0,0.0,0.0,0.0,0.0,0.0,0.0,0.0,0.0,0.0,0.0,0.0,0.0,0.0
16,0.0,0.0,0.0,0.0,0.0,0.0,0.0,0.0,0.0,0.0,0.0,0.0,0.0,0.0,0.0,20.54953
17,0.0,0.0,0.0,0.0,0.0,0.0,0.0,0.0,0.0,0.0,0.0,0.0,0.0,0.0,0.0,19.99891
18,0.25591,0.10066,0.0,0.36234,0.24689,1.04483,7.20509,1.56807,2.8634,1.63147,1.42142,0.0058,0.0,0.0,0.0,0.0
19,0.0,0.16614,0.0,0.11809,0.11317,0.86598,8.77324,0.43792,2.36971,1.6561,1.31115,0.01694,0.0,0.69641,0.0,0.0
20,0.0,0.0,0.0,0.0,0.0,0.0,0.0,0.0,0.0,0.0,0.0,0.0,0.0,0.0,0.0,18.39616
21,0.06043,0.0,0.0,0.10965,0.09383,0.08139,7.87493,4.90156,0.77304,0.63925,2.60478,0.16002,0.0,0.29664,13.94698,0.0
22,0.44238,0.0,0.0,0.37634,0.01263,0.05083,5.0332,1.13409,0.23484,0.70576,0.42225,0.02323,0.0,0.64103,1.2742,0.0
23,0.0,0.03357,0.0,0.07083,0.02431,0.02014,0.54965,0.1114,0.0,0.15037,0.46396,0.0,0.0,0.0,0.0,0.0
24,0.22432,0.14599,0.0,0.37994,0.11354,0.41739,2.24227,0.0663,1.25809,0.45468,0.53972,0.96153,0.0,0.17309,9.68701,0.0
25,0.0,0.0,0.0,0.0,0.0,0.0,0.0,0.0,0.0,0.0,0.0,0.0,0.0,0.0,0.0,6.4901
26,0.0,0.0,0.0,0.0,0.0,0.0,0.0,0.0,0.0,0.0,0.0,0.0,0.0,0.0,0.0,0.0
27,0.02168,0.0,0.0,0.16753,0.01617,0.06686,3.93705,1.5875,0.42552,0.74712,1.77979,4.84808,0.0,0.25395,0.00652,0.0
28,0.11959,0.0,0.0,0.16009,0.03456,0.05244,11.44678,6.73782,1.96558,0.58996,0.20864,0.01663,0.0,0.9428,1.05038,0.0
29,0.0,0.0,0.0,0.0,0.0,0.0,0.0,0.0,0.0,0.0,0.0,0.0,0.0,0.0,0.0,1.06349
30,0.0,0.0,0.0,0.0,0.0,0.0,0.0,0.0,0.0,0.0,0.0,0.0,0.0,0.0,0.0,30.73194
31,0.0,0.0,0.0,0.0,0.0,0.0,0.0,0.0,0.0,0.0,0.0,0.0,0.0,0.0,0.0,10.09094
32,0.0,0.0,0.0,0.0,0.0,0.0,0.0,0.0,0.0,0.0,0.0,0.0,0.0,0.0,0.0,10.52071
33,0.0,0.0,0.0,0.0,0.0,0.0,0.0,0.0,0.0,0.0,0.0,0.0,0.0,0.0,0.0,26.39981
34,0.0,0.0,0.0,0.0,0.0,0.0,0.0,0.0,0.0,0.0,0.0,0.0,0.0,0.0,0.0,29.9735
35,0.0,0.0,0.0,0.0,0.0,0.0,0.0,0.0,0.0,0.0,0.0,0.0,0.0,0.0,0.0,1.6315700000000002
36,0.18894,0.01226,0.00045,0.01825,0.04556,0.10327,4.61844,0.64509,2.30337,0.49067,0.44312,0.11315,0.0,0.46521,13.22454,0.0
37,0.0,0.0,0.0,0.0,0.0,0.0,0.0,0.0,0.0,0.0,0.0,0.0,0.0,0.0,0.0,0.0
38,0.0,0.0,0.0,0.0,0.0,0.0,0.0,0.0,0.0,0.0,0.0,0.0,0.0,0.0,0.0,41.78468
39,0.0,0.0,0.0,0.0,0.0,0.0,0.0,0.0,0.0,0.0,0.0,0.0,0.0,0.0,0.0,21.2668
40,0.0,0.0,0.0,0.0,0.0,0.0,0.0,0.0,0.0,0.0,0.0,0.0,0.0,0.0,0.0,10.31134
41,0.0,0.0,0.0,0.0,0.0,0.0,0.0,0.0,0.0,0.0,0.0,0.0,0.0,0.0,0.0,1.63149
42,0.0,0.02289,0.0,0.05696,0.02413,0.20131,2.34709,0.05052,0.0,0.41702,1.27474,0.0,0.0,0.0,0.0,0.0
43,0.17746,0.0,0.0,0.24282,0.13425,0.71224,4.66314,1.07179,0.43743,0.65397,2.25976,0.00565,0.00769,0.03605,0.0,0.0
44,0.0,0.0,0.0,0.0,0.0,0.0,0.0,0.0,0.0,0.0,0.0,0.0,0.0,0.0,0.0,9.93889
45,0.02372,0.0,0.0,0.0717,0.24729,1.82035,17.9645,0.19301,6.29852,1.06912,0.81085,0.32222,0.0,0.09767,0.31231,0.0
46,0.0,0.0,0.0,0.0,0.0,0.0,0.0,0.0,0.0,0.0,0.0,0.0,0.0,0.0,0.0,4.81113
47,0.00016,0.0,0.0,0.00108,0.0221,0.01754,0.34133,0.04895,0.10379,0.04589,0.01895,0.0251,0.0,0.09152,0.0,0.0
48,0.0,0.00335,0.0,0.00153,0.09661,0.04822,0.74972,0.01481,0.15843,0.02221,0.2651,0.05177,0.0,1.15538,0.0,0.0
49,0.0,0.0,0.0,0.0,0.0,0.0,0.0,0.0,0.0,0.0,0.0,0.0,0.0,0.0,0.0,3.11071
50,0.07858,0.00598,0.0,0.10208,0.02099,0.06913,0.0183,0.01063,0.0,0.00517,0.14318,0.00453,0.0,0.59952,17.22455,0.0
51,0.0,0.0,0.0,0.0,0.0,0.0,0.0,0.0,0.0,0.0,0.0,0.0,0.0,0.0,0.0,0.8504400000000001
52,0.0,0.0,0.0,0.0,0.0,0.0,0.0,0.0,0.0,0.0,0.0,0.0,0.0,0.0,0.0,4.269
53,0.0,0.0,0.0,0.0,0.0,0.0,0.0,0.0,0.0,0.0,0.0,0.0,0.0,0.0,0.0,0.6664
54,0.08539,0.21373,0.0,0.28456,0.1843,1.76162,4.42508,1.09193,0.40383,0.0,2.13152,0.0,0.0,0.38162,0.0,0.0
55,0.29833,0.05403,0.00952,0.45206,0.45399,1.4196,2.51176,1.03782,1.11997,0.19612,1.14048,1.04718,0.0,0.35464,0.0,0.0
56,0.37826,0.01663,0.16636,0.26088,0.02264,0.02668,6.27424,0.95794,0.33512,1.11162,0.17227,0.03882,0.0,0.14502,1.72067,0.0
57,0.0,0.0,0.0,0.0,0.0,0.0,0.0,0.0,0.0,0.0,0.0,0.0,0.0,0.0,0.0,8.32191
58,0.00454,0.0,0.6028,1.20738,0.03541,0.10082,2.97071,2.0963,0.0,0.87421,0.82604,0.0,0.0,1.98145,0.0,0.0
59,0.01539,0.14612,0.0,0.0,0.01694,0.12612,1.74231,0.18498,0.0,0.00076,0.45735,0.0,0.0,0.0,0.06802,0.0
60,0.0,0.0,0.0,0.0,0.0,0.0,0.0,0.0,0.0,0.0,0.0,0.0,0.0,0.0,0.0,10.0417
61,0.64761,0.00094,0.0,0.42007,0.0,0.0,6.74958,6.74958,0.0,0.0,0.02571,0.0,0.0,1.7533,0.0,0.0
62,0.0,0.0,0.0,0.0,0.0,0.0,0.0,0.0,0.0,0.0,0.0,0.0,0.0,0.0,0.0,26.88272
63,0.0,0.0,0.0,0.0,0.0,0.0,0.0,0.0,0.0,0.0,0.0,0.0,0.0,0.0,0.0,20.59209
64,0.0,0.0,0.0,0.0,0.0,0.0,0.0,0.0,0.0,0.0,0.0,0.0,0.0,0.0,0.0,65.54681
65,0.24889,0.00728,0.0,0.33462,0.11285,0.05981,2.25633,0.85726,0.34005,0.0272,0.73102,1.12721,0.0,2.00509,0.0,0.0
66,0.23355,0.0256,0.0,0.17247,0.23886,0.94999,12.11138,3.95928,3.67883,1.24794,1.9487,0.09959,0.0,0.38427,0.0,0.0
67,0.0,0.0,0.0,0.0,0.0,0.0,0.0,0.0,0.0,0.0,0.0,0.0,0.0,0.0,0.0,4.56118
68,0.18733,0.0527,0.0,0.12412,0.15351,0.25618,3.94999,1.52717,0.93515,0.3764,2.62971,0.0,0.0,0.7162,0.0,0.0
69,0.39278,0.05177,0.51591,0.0,0.34612,2.33467,3.0529,0.59056,1.99265,0.0,0.15718,0.0,0.0,0.25591,0.0,0.0
70,0.23629,0.40794,0.0,0.15102,0.08558,0.11182,0.3013,0.09818,0.0608,0.0,0.17232,0.05462,0.0,1.10591,4.2537,0.0
71,0.0,0.0,0.0,0.0,0.0,0.0,0.0,0.0,0.0,0.0,0.0,0.0,0.0,0.0,0.0,0.0
72,0.0,0.0,0.0,0.0,0.0,0.0,0.0,0.0,0.0,0.0,0.0,0.0,0.0,0.0,0.0,0.0
73,0.0,0.0,0.0,0.0,0.0,0.0,0.0,0.0,0.0,0.0,0.0,0.0,0.0,0.0,0.0,6.15344
74,0.0,0.0,0.0,0.0,0.0,0.0,0.0,0.0,0.0,0.0,0.0,0.0,0.0,0.0,0.0,2.7790800000000004
75,0.0,0.0,0.0,0.0,0.0,0.0,0.0,0.0,0.0,0.0,0.0,0.0,0.0,0.0,0.0,20.34345
76,0.0,0.0,0.0,0.0,0.0,0.0,0.0,0.0,0.0,0.0,0.0,0.0,0.0,0.0,0.0,25.70658
77,0.0,0.05715,0.0,0.11067,0.09564,0.53424,0.31913,0.05128,0.0,0.06492,1.31337,0.02165,0.0,0.0,0.0,0.0
78,0.0,0.09722,0.00465,0.15445,0.87191,1.42656,0.37516,0.14108,0.14257,0.07173,0.92811,0.76875,0.01095,0.22411,0.0,0.0
79,0.11325,0.04718,0.0,1.27755,0.53283,1.42355,9.55316,5.34576,1.97411,0.87362,1.21745,0.00973,0.0,0.00341,0.0,0.0
80,0.0,0.0062,0.0,0.0,0.00395,0.00487,0.03503,0.03503,0.0,0.0,0.00546,0.0,0.0,0.04955,0.0,0.0
81,0.01235,0.04774,0.00889,0.40147,0.03188,0.09429,8.59574,0.00154,0.0,2.81191,0.17246,0.02084,0.0,0.31815,0.00038,0.0
82,0.0,1.09267,0.0,0.0,0.0,0.0,0.0,0.0,0.0,0.0,0.0015,0.0,0.0,0.0,0.0,0.0
83,0.0,0.0,0.0,0.0,0.0,0.0,0.0,0.0,0.0,0.0,0.0,0.0,0.0,0.0,0.0,25.77347
84,0.87324,0.0,0.0,0.09428,0.04063,0.15788,1.22448,0.24419,0.07361,0.20079,0.27687,0.73874,0.0,1.42179,1.58204,0.0
85,0.0,0.0,0.0,0.0,0.0,0.0,0.0,0.0,0.0,0.0,0.0,0.0,0.0,0.0,0.0,7.53974
86,0.0,0.0,0.0,0.0,0.0,0.0,0.0,0.0,0.0,0.0,0.0,0.0,0.0,0.0,0.0,0.0
87,0.0,0.03368,0.0,1.63027,0.0,0.0,1.79423,1.79423,0.0,0.0,0.38026,0.0,0.0,0.0,0.0,0.0
88,0.0,0.0,0.0,0.0,0.0,0.0,0.0,0.0,0.0,0.0,0.0,0.0,0.0,0.0,0.0,3.93773
89,0.14111,0.08885,0.0,3.2517,0.1535,1.31242,0.0615,0.00125,0.03225,0.0,0.25662,0.01566,0.0,0.39421,0.0,0.0
90,0.0,0.0,0.0,0.0,0.0,0.0,0.0,0.0,0.0,0.0,0.0,0.0,0.0,0.0,0.0,2.05954
91,0.0028,0.30869,0.0,0.03271,0.40137,1.68652,0.37516,0.00882,0.02852,0.07317,0.5534,0.1399,0.0,0.25912,0.0,0.0
92,0.0204,0.03163,0.0,0.50119,0.52231,2.64806,3.32052,0.52753,2.47243,0.32056,1.22242,0.02345,0.0,0.35457,0.0,0.0
93,0.00575,0.03229,0.05894,0.42853,0.69725,1.51083,3.85883,0.04086,1.65433,0.10678,1.4425,0.02279,0.0,0.40805,0.0,0.0
94,0.0,0.0,0.0,0.19954,0.68195,1.71387,0.61173,0.0,0.0,0.57732,1.4982,0.0,0.00327,0.00137,0.0,0.0
95,0.10001,0.804,0.0,0.0,0.0,0.85682,0.0,0.0,0.0,0.0,0.19813,0.0,0.0,2.73614,0.0,0.0
96,0.0,0.02683,0.0,0.09166,0.04642,0.26333,2.36009,0.27314,0.0,0.28007,0.52196,0.0,0.0,0.0,0.0,0.0
97,0.19142,0.03386,0.0,0.43596,0.0,0.08536,4.92379,2.8851,0.50643,0.80019,0.41444,0.37434,0.0,1.13128,0.0,0.0
98,0.00395,0.0,0.00327,0.01298,0.01171,0.0,1.64065,0.11767,0.0267,0.0,0.04241,0.0,0.0,1.40063,0.0,0.0
99,0.24652,0.00438,0.0,0.03842,0.00587,0.05966,3.50458,0.03356,0.11246,1.79418,0.53759,0.10193,0.0,0.04197,0.0,0.0
100,0.0,0.01696,0.0,0.0,0.40306,1.18476,0.0,0.0,0.0,0.0,1.72233,0.0,0.0,0.58688,0.0,0.0
101,0.0,0.06426,0.0,0.0,0.74038,0.0,4.85501,3.32677,0.0,1.52825,0.27816,0.0,0.0,0.20776,0.0,0.0
102,0.14763,0.00815,0.0,0.28903,0.01928,0.01396,7.15817,0.16729,2.32542,4.21133,0.04001,0.5924,0.0,0.54266,0.0,0.0
103,0.0,0.0,0.0,0.0,0.02332,0.00585,2.67698,0.04543,0.21713,1.06009,0.15175,0.0,0.0,0.36444,0.0,0.0
104,0.05957,0.0179,0.87118,0.0,0.0,2.28476,0.0017,0.0017,0.0,0.0,0.76322,0.02731,0.0,0.0,0.0,0.0
105,0.0,0.0,0.0,0.0,0.0,0.0,0.0,0.0,0.0,0.0,0.0,0.0,0.0,0.0,0.0,0.56418
106,0.0,0.04443,0.0,0.0,0.0,5.75229,3.93278,1.15741,0.00034,2.77471,0.02897,0.0,0.0,0.0,0.0,0.0
107,0.50349,0.07895,0.12663,0.26542,0.02977,0.0,0.0,0.0,0.0,0.0,0.97959,3.5367,0.0,1.52851,0.0,0.0
108,0.00426,0.0,0.0,1.48309,0.0,0.17497,2.29811,2.29811,0.0,0.0,2.44503,0.0,0.0,0.2176,0.0,0.0
109,0.0,0.0,0.0,0.0,0.0,0.0,0.0,0.0,0.0,0.0,0.0,0.0,0.0,0.0,0.0,0.13981
110,0.0,0.10529,0.0,0.03594,0.06971,0.15001,0.77099,0.07103,0.0,0.47373,0.81406,0.0,0.0,0.0,0.0,0.0
111,0.05907,0.0,0.0,0.45211,0.04025,0.11369,1.50839,0.27898,0.08993,0.20872,1.05225,5.85235,0.0,0.15095,0.0,0.0
112,0.06538,0.0,0.0,0.13069,0.03873,1.5445,0.69599,0.0,0.0,0.20973,1.13226,0.0,0.0,0.74537,0.0,0.0
113,0.0,0.0,0.0,0.0,0.0,0.0,0.0,0.0,0.0,0.0,0.0,0.0,0.0,0.0,0.0,20.39968
114,0.12918,0.12487,0.03109,0.52596,0.23794,0.26592,4.01073,0.31684,1.99488,0.08986,0.60929,0.82227,0.0,0.45709,0.14333,0.0
115,0.0,0.0,0.0,0.0,0.0,0.0,0.0,0.0,0.0,0.0,0.0,0.0,0.0,0.0,0.0,7.0145
116,0.0,0.02815,0.0,0.12981,0.10688,0.56369,1.30621,0.02743,0.0,0.44255,1.34752,0.0,0.0,0.0,0.0,0.0
117,0.00057,0.08716,0.0034,0.92925,0.0,0.34428,2.17471,2.17471,0.0,0.0,1.04981,0.0,0.0,0.46674,11.76954,0.0
118,0.0,0.00358,0.0,0.1424,0.04025,0.17938,2.19702,0.13341,0.33171,0.34653,0.34922,0.00362,0.0,0.0,0.0,0.0
119,0.0,0.0,0.0,0.0,0.0,0.0,0.0,0.0,0.0,0.0,0.0,0.0,0.0,0.0,0.0,5.09016
120,0.0031587402169636985,0.0505468062452976,0.41940277594399067,0.8759719671666051,0.05906787681253366,0.33361399462291985,4.736084742040006,1.5917507491207616,0.7209658855636462,1.1120939673476329,0.9736309544821014,0.005153863595734569,0.0,1.5904865481072756,0.0,0.0
121,0.08478379051904715,0.07371935512770014,0.0,0.1516703514346657,0.018167930050019435,0.0672633186281282,4.5843173678197715,0.1756970587244257,1.2202791012462384,2.210283688337752,0.23834815082260186,0.3108657100989377,0.0,0.2847643251895502,0.03232606752037518,0.0
122,0.1096187153720693,0.013662420939650121,0.0,0.35442163446656344,0.3018705839342595,1.5484078059877806,4.083201979070723,0.8366996041538421,1.3164381129367055,0.5099552113345323,1.8116861543617877,0.01333862133182966,0.00436834280664213,0.17363312733788672,0.0,0.0
123,0.0370571325712895,0.036626401897548844,0.04177495447672741,0.6757893646109415,0.649366104768638,1.4854115206435148,5.517184829903917,1.5858014658365924,1.7474592544525298,0.33010615386946646,1.3769588819984306,0.018986547429013574,0.0,0.2902070407102644,0.0,0.0
124,0.39796798893369945,0.07675140335873337,0.01902250649691878,0.5394403489662918,0.17385303144761208,0.21827882429822484,8.927793055541107,1.0973261992922394,3.0536715552473463,0.26397114701438223,0.4789890167583028,0.6100466887184082,0.0,0.7775093168777285,0.08769687540055866,0.0
125,0.00390669787263973,0.02317551000873023,0.5187131007989492,1.0554307325303371,0.04625704260430277,0.20755512241651633,3.7801273112492924,1.8649661713718668,0.3305599965257501,0.983278854705225,0.893709866740912,0.0023630259994455887,0.0,1.8021948093077,0.0,0.0
126,0.16531961733459982,0.06665800890513957,0.0,0.15658317401265484,0.20214033912560841,0.9254469280765563,11.136160262938647,2.9305335204340244,3.2963775977095753,1.3671817597461347,1.7624431793263717,0.07544424479856422,0.0,0.475460030593783,0.0,0.0
127,0.021824175005005213,0.01730438013269607,0.31916711064059833,0.0,0.2553941954420446,1.5877580276230607,0.0006228151335992758,0.0006228151335992758,0.0,0.0,1.3709486924785872,0.01000534194035072,0.0,0.3718695614077982,0.0,0.0
128,0.0464461840477073,0.19202562945111126,0.0,0.20863802972739,0.15185974202264224,1.353145479335854,6.4081452625731465,0.7936556696222163,1.3004088605725865,0.7552975008618331,1.7573738670478702,0.007725825532636589,0.0,0.5251862703316807,0.0,0.0
129,0.25739001250315946,0.11820036236580023,0.03573812706265825,0.3543630499634522,0.09401249489062494,0.33345609987586433,3.1084340789422114,0.2578457057835334,1.0598138570869096,0.5958065039224736,0.4607829070138628,0.7633097113369476,0.0,0.16705988923630188,7.975648668283621,0.0
130,0.009884028790344257,0.04074343067317107,0.007114900076612182,0.3782319652324101,0.027397323590544823,0.1442623574607727,8.906488313697412,0.7332565551462388,0.0,2.2504452952110867,0.3488358452561223,0.01904692943621793,0.0,0.38921988928362494,0.0003041239627798233,0.0
131,0.306152066504843,0.10022116878733048,0.2506113108780336,0.19537823253086758,0.2265193543137622,1.3487385959183507,2.636046137188774,0.32096745331728,1.6149139509188974,0.2338121144579009,0.35389524207074297,0.49445183956783995,0.0,0.2133211038105847,4.98139414725704,0.0
132,0.049565433847330434,0.038358947069644184,0.03491691468872878,0.7745781827447488,0.6302348034122971,1.475255943570279,6.179755948091806,2.203059953643751,1.7846676691692962,0.4193328120138313,1.3507728987224026,0.017466934269338277,0.0,0.24312463114433686,0.0,0.0
133,0.003350521705419064,0.083111382027325,0.0032420685967520075,0.8911792417346899,0.004358442225517387,0.3320686510000398,2.4394875715947855,2.301373307925526,0.03590802704906704,0.029693426331258543,1.1220389982672148,0.007432995043454036,0.0,0.4588387847963284,11.870682986673032,0.0
134,0.20479121867893685,0.07372556777823955,0.0,0.13159825921186213,0.7119930929265261,1.582057068931464,3.0370551242390613,0.22830927989604152,0.6265488548689153,0.44604778384965627,1.0274377960556516,0.10742608071321233,0.0012833283342822965,0.17611812575241073,0.0,0.0
135,0.7447244941830727,0.0,0.0,0.10550219257986065,0.03959491856921814,0.13989993639841197,2.9676287495686005,1.351510565299507,0.396236526292645,0.2671528732153832,0.2652351390408161,0.6156028250441699,0.0,1.3401106499950244,1.4913791444004145,0.0
